SNP	ORGANISM_BUILD	CHR	COORDINATE	REF_ALLELE	ALT_ALLELE	AMINO_ACID_CHANGE	GENE_NAME	GENE_ID	TRANSCRIPT_ID	PROTEIN_ID	REGION	SIFT_SCORE	SIFT_MEDIAN	NO_OF_SEQS_AT_POSITION	SIFT_PREDICTION	AVG_ALLELE_FREQ	EAS_ALLELE_FREQ	AMR_ALLELE_FREQ	AFR_ALLELE_FREQ	EUR_ALLELE_FREQ	SAS_ALLELE_FREQ
rs7412	Homo_sapiens/GRCh37.74	19	45412079	C	T	R176C	APOE	ENSG00000130203	ENST00000446996	ENSP00000413135	CDS	0.001	3.02	24	DELETERIOUS	0.075	0.1	0.048	0.103	0.063	0.044
rs7412	Homo_sapiens/GRCh37.74	19	45412079	C	T	R176C	APOE	ENSG00000130203	ENST00000252486	ENSP00000252486	CDS	0.002	2.82	25	DELETERIOUS	0.075	0.1	0.048	0.103	0.063	0.044
rs7412	Homo_sapiens/GRCh37.74	19	45412079	C	T	R202C	APOE	ENSG00000130203	ENST00000434152	ENSP00000413653	CDS	0.002	3.04	25	DELETERIOUS	0.075	0.1	0.048	0.103	0.063	0.044
rs440446	Homo_sapiens/GRCh37.74	19	45409167	C	G	N14K	APOE	ENSG00000130203	ENST00000434152	ENSP00000413653	CDS					0.626	0.428	0.578	0.881	0.637	0.509
rs769455	Homo_sapiens/GRCh37.74	19	45412040	C	T	R163C	APOE	ENSG00000130203	ENST00000252486	ENSP00000252486	CDS	0.008	2.75	27	DELETERIOUS	0.007	0	0.006	0.025	0	0
rs769455	Homo_sapiens/GRCh37.74	19	45412040	C	T	R189C	APOE	ENSG00000130203	ENST00000434152	ENSP00000413653	CDS	0.01	3.03	24	DELETERIOUS	0.007	0	0.006	0.025	0	0
rs769455	Homo_sapiens/GRCh37.74	19	45412040	C	T	R163C	APOE	ENSG00000130203	ENST00000446996	ENSP00000413135	CDS	0.01	3.05	23	DELETERIOUS	0.007	0	0.006	0.025	0	0
rs121918393	Homo_sapiens/GRCh37.74	19	45412013	C	A	R154S	APOE	ENSG00000130203	ENST00000446996	ENSP00000413135	CDS	0.007	3.02	24	DELETERIOUS						
rs121918393	Homo_sapiens/GRCh37.74	19	45412013	C	A	R154S	APOE	ENSG00000130203	ENST00000252486	ENSP00000252486	CDS	0.008	2.75	27	DELETERIOUS						
rs121918393	Homo_sapiens/GRCh37.74	19	45412013	C	A	R180S	APOE	ENSG00000130203	ENST00000434152	ENSP00000413653	CDS	0.01	3.04	25	DELETERIOUS						
rs373985746	Homo_sapiens/GRCh37.74	19	45409136	G	A	G4E	APOE	ENSG00000130203	ENST00000434152	ENSP00000413653	CDS					0	0.002	0	0	0	0
rs429358	Homo_sapiens/GRCh37.74	19	45411941	T	C	C130R	APOE	ENSG00000130203	ENST00000252486	ENSP00000252486	CDS	0.829	2.75	28	TOLERATED	0.151	0.086	0.104	0.268	0.155	0.087
rs429358	Homo_sapiens/GRCh37.74	19	45411941	T	C	C156R	APOE	ENSG00000130203	ENST00000434152	ENSP00000413653	CDS	0.889	3.03	25	TOLERATED	0.151	0.086	0.104	0.268	0.155	0.087
rs429358	Homo_sapiens/GRCh37.74	19	45411941	T	C	C130R	APOE	ENSG00000130203	ENST00000446996	ENSP00000413135	CDS	1	3.05	24	TOLERATED	0.151	0.086	0.104	0.268	0.155	0.087
rs769452	Homo_sapiens/GRCh37.74	19	45411110	T	C	L46P	APOE	ENSG00000130203	ENST00000252486	ENSP00000252486	CDS	0.075	2.95	18	TOLERATED	0.001	0	0	0	0.004	0
rs769452	Homo_sapiens/GRCh37.74	19	45411110	T	C	L72P	APOE	ENSG00000130203	ENST00000434152	ENSP00000413653	CDS	0.1	3.14	17	TOLERATED	0.001	0	0	0	0.004	0
rs769452	Homo_sapiens/GRCh37.74	19	45411110	T	C	L46P	APOE	ENSG00000130203	ENST00000446996	ENSP00000413135	CDS	0.231	3.17	16	TOLERATED	0.001	0	0	0	0.004	0
rs140808909	Homo_sapiens/GRCh37.74	19	45412337	G	A	E262K	APOE	ENSG00000130203	ENST00000252486	ENSP00000252486	CDS	0	2.82	24	DELETERIOUS	0.001	0.003	0	0	0	0
rs190853081	Homo_sapiens/GRCh37.74	19	45412340	G	A	E263K	APOE	ENSG00000130203	ENST00000252486	ENSP00000252486	CDS	0.028	2.82	24	DELETERIOUS	0.001	0.003	0	0	0	0
rs121918392	Homo_sapiens/GRCh37.74	19	45411034	G	A	E21K	APOE	ENSG00000130203	ENST00000446996	ENSP00000413135	CDS	0.033	3.51	13	DELETERIOUS (WARNING LOW CONFIDENCE)	0	0.001	0	0	0	0
rs121918392	Homo_sapiens/GRCh37.74	19	45411034	G	A	E47K	APOE	ENSG00000130203	ENST00000434152	ENSP00000413653	CDS	0.075	3.36	14	TOLERATED	0	0.001	0	0	0	0
rs121918392	Homo_sapiens/GRCh37.74	19	45411034	G	A	E21K	APOE	ENSG00000130203	ENST00000252486	ENSP00000252486	CDS	0.08	3.07	15	TOLERATED	0	0.001	0	0	0	0
rs371694216	Homo_sapiens/GRCh37.74	19	45411101	G	A	R43H	APOE	ENSG00000130203	ENST00000446996	ENSP00000413135	CDS	0.003	3.17	16	DELETERIOUS						
rs371694216	Homo_sapiens/GRCh37.74	19	45411101	G	A	R43H	APOE	ENSG00000130203	ENST00000252486	ENSP00000252486	CDS	0.04	2.95	18	DELETERIOUS						
rs371694216	Homo_sapiens/GRCh37.74	19	45411101	G	A	R69H	APOE	ENSG00000130203	ENST00000434152	ENSP00000413653	CDS	0.108	3.14	17	TOLERATED						
rs144354013	Homo_sapiens/GRCh37.74	19	45409912	A	T	T11S	APOE	ENSG00000130203	ENST00000446996	ENSP00000413135	CDS	0.103	3.5	14	TOLERATED						
rs144354013	Homo_sapiens/GRCh37.74	19	45409912	A	T	T11S	APOE	ENSG00000130203	ENST00000252486	ENSP00000252486	CDS	0.328	3.2	15	TOLERATED						
rs144354013	Homo_sapiens/GRCh37.74	19	45409912	A	T	T37S	APOE	ENSG00000130203	ENST00000434152	ENSP00000413653	CDS	0.389	3.35	15	TOLERATED						
rs72654468	Homo_sapiens/GRCh37.74	19	45412204	C	T	A217A	APOE	ENSG00000130203	ENST00000252486	ENSP00000252486	CDS	1	2.96	22	TOLERATED	0.001	0	0.001	0	0.002	0
rs72654468	Homo_sapiens/GRCh37.74	19	45412204	C	T	A243A	APOE	ENSG00000130203	ENST00000434152	ENSP00000413653	CDS	1	3.4	20	TOLERATED	0.001	0	0.001	0	0.002	0
rs139948786	Homo_sapiens/GRCh37.74	19	45411178	C	T	L69L	APOE	ENSG00000130203	ENST00000252486	ENSP00000252486	CDS	1	2.88	20	TOLERATED	0	0.001	0	0	0	0
rs139948786	Homo_sapiens/GRCh37.74	19	45411178	C	T	L95L	APOE	ENSG00000130203	ENST00000434152	ENSP00000413653	CDS	1	3.02	18	TOLERATED	0	0.001	0	0	0	0
rs139948786	Homo_sapiens/GRCh37.74	19	45411178	C	T	L69L	APOE	ENSG00000130203	ENST00000446996	ENSP00000413135	CDS	1	2.99	17	TOLERATED	0	0.001	0	0	0	0
rs111833428	Homo_sapiens/GRCh37.74	19	45411042	G	A	A23A	APOE	ENSG00000130203	ENST00000446996	ENSP00000413135	CDS	0.297	3.53	10	TOLERATED						
rs111833428	Homo_sapiens/GRCh37.74	19	45411042	G	A	A23A	APOE	ENSG00000130203	ENST00000252486	ENSP00000252486	CDS	0.53	3	13	TOLERATED						
rs111833428	Homo_sapiens/GRCh37.74	19	45411042	G	A	A49A	APOE	ENSG00000130203	ENST00000434152	ENSP00000413653	CDS	0.7	3.34	11	TOLERATED						
rs11542038	Homo_sapiens/GRCh37.74	19	45411153	A	G	T60T	APOE	ENSG00000130203	ENST00000252486	ENSP00000252486	CDS	0.688	2.76	20	TOLERATED						
rs11542038	Homo_sapiens/GRCh37.74	19	45411153	A	G	T86T	APOE	ENSG00000130203	ENST00000434152	ENSP00000413653	CDS	1	3.02	18	TOLERATED						
rs11542038	Homo_sapiens/GRCh37.74	19	45411153	A	G	T60T	APOE	ENSG00000130203	ENST00000446996	ENSP00000413135	CDS	1	2.99	17	TOLERATED						
rs201672011	Homo_sapiens/GRCh37.74	19	45411064	G	A	E31K	APOE	ENSG00000130203	ENST00000252486	ENSP00000252486	CDS	0.167	3.04	15	TOLERATED	0.001	0	0.003	0.001	0	0
rs201672011	Homo_sapiens/GRCh37.74	19	45411064	G	A	E31K	APOE	ENSG00000130203	ENST00000446996	ENSP00000413135	CDS	0.21	3.74	12	TOLERATED	0.001	0	0.003	0.001	0	0
rs201672011	Homo_sapiens/GRCh37.74	19	45411064	G	A	E57K	APOE	ENSG00000130203	ENST00000434152	ENSP00000413653	CDS	0.267	3.52	13	TOLERATED	0.001	0	0.003	0.001	0	0
rs199768005	Homo_sapiens/GRCh37.74	19	45412314	T	A	V254E	APOE	ENSG00000130203	ENST00000252486	ENSP00000252486	CDS	0.019	2.81	23	DELETERIOUS						
rs121918399	Homo_sapiens/GRCh37.74	19	45411100	C	T	R43C	APOE	ENSG00000130203	ENST00000446996	ENSP00000413135	CDS	0.008	3.17	16	DELETERIOUS						
rs121918399	Homo_sapiens/GRCh37.74	19	45411100	C	T	R43C	APOE	ENSG00000130203	ENST00000252486	ENSP00000252486	CDS	0.021	2.95	18	DELETERIOUS						
rs121918399	Homo_sapiens/GRCh37.74	19	45411100	C	T	R69C	APOE	ENSG00000130203	ENST00000434152	ENSP00000413653	CDS	0.099	3.14	17	TOLERATED						
rs267606663	Homo_sapiens/GRCh37.74	19	45412278	G	A	R268Q	APOE	ENSG00000130203	ENST00000434152	ENSP00000413653	CDS	0.293	3.83	17	TOLERATED						
rs267606663	Homo_sapiens/GRCh37.74	19	45412278	G	A	R242Q	APOE	ENSG00000130203	ENST00000252486	ENSP00000252486	CDS	0.316	2.87	21	TOLERATED						
rs557715042 Not found
rs573658040 Not found
rs587778876 Not found
rs969498572 Not found
rs1018669382 Not found
rs1599953056 Not found
rs767339630 Not found
rs772936346 Not found
rs867594573 Not found
rs749406635 Not found
rs1599951908 Not found
rs1599952000 Not found
rs1599952085 Not found
rs758606895 Not found
rs1599951896 Not found
rs1599951917 Not found
rs1599952017 Not found
rs752409518 Not found
rs1377830202 Not found
rs757859088 Not found
rs1451822560 Not found
rs1599953763 Not found
rs998239069 Not found
rs1599953586 Not found
rs753601274 Not found
rs954186991 Not found
rs1599953509 Not found
rs1599953670 Not found
rs1599953736 Not found
rs1599953786 Not found
rs551256627 Not found
rs1599954500 Not found
rs1599954557 Not found
rs1599952025 Not found
rs748506927 Not found
rs1599953980 Not found
rs1599953984 Not found
rs868094551 Not found
rs796443813 Not found
rs752693941 Not found
rs1182228267 Not found
rs1434405741 Not found
rs1341714096 Not found
rs781192562 Not found
rs762461580 Not found
rs1599952146 Not found
rs1599952157 Not found
rs1599952206 Not found
rs1398552850 Not found
rs1599952243 Not found
rs1599952259 Not found
rs1599954391 Not found
rs1599954054 Not found
rs1599952129 Not found
rs1599952264 Not found
rs1599954456 Not found
rs1599954673 Not found
rs1261733138 Not found
rs1257978352 Not found
rs750138933 Not found
rs757100480 Not found
rs563571689 Not found
rs1599954305 Not found
rs781722239 Not found
rs1599953921 Not found
rs1599951966 Not found
rs992491839 Not found
rs1456850869 Not found
rs1368598158 Not found
rs569017773 Not found
Low confidence means that the protein alignment does not have enough sequence diversity. Because the position artifically appears to be conserved, an amino acid may incorrectly predicted to be damaging.
Population allele frequencies are from the 1000 Genomes Phase 3 data.
